Channel Name, Title,Views,Likes,Comments,Duration
Deepak Tulsyan,What‚Äôs my Name üî•üòç #deepaktulsyan,40128,1595,23,15
Deepak Tulsyan,Tabahi üî• | Badshah | Deepak Tulsyan | G M Dance Centre #josh,73771,2512,31,22
Deepak Tulsyan,Doobey üíô| Deepak Tulsyan Choreography  #josh,191477,9617,57,37
Deepak Tulsyan,Banke Titali üòçüî• Dancing with @Akshita Goel  #josh #deepaktulsyan,138299,6599,60,25
Deepak Tulsyan,Easy Tutorial for this Trend üíôüíú #josh #trend,722996,36804,84,29
Deepak Tulsyan,Trend ‚ú®üî• #dance #josh,274887,10818,57,11
Deepak Tulsyan,Kehndi Hindi Si Chan tak raah bana de | #dance #josh,109041,7452,80,47
Deepak Tulsyan,Teri Baaton #deepaktulsyan #shorts #gmdancecentre @Akshita Goel @Aanya Gupta Official,197021,10459,70,26
Deepak Tulsyan,Bijlee Bijlee Dance Tutorial - Deepak Tulsyan Choreography | G M Dance Centre,134578,3578,165,303
Deepak Tulsyan,Happy feet Tutorial üî• #shorts,114404,7600,83,22
Deepak Tulsyan,Kacha Badam | Deepak Tulsyan #shorts,233078,7288,96,18
Deepak Tulsyan,Cricket ground par hua Accident üò¢ | Deepak Tulsyan VLOG,71725,2099,253,526
Deepak Tulsyan,Easy Dance Step for Beginners | Step Touch Dance Tutorial by Deepak Tulsyan,42643,2113,130,34
Deepak Tulsyan,Mehbooba Mehbooba | Dancing with Muskan Kalra | #shorts #josh,224857,7622,62,15
Deepak Tulsyan,Merry Christmas üéÖ Go bananza | Deepak Tulsyan | G M Dance Centre #josh,751039,24446,137,12
Deepak Tulsyan,Hawa mein Udti jaaye | Deepak Tulsyan | G M Dance Centre #josh,187573,6643,59,26
Deepak Tulsyan,Clap Clap | Deepak Tulsyan | Akshita Goel | G M Dance Centre #Josh,643681,22269,104,16
Deepak Tulsyan,Bijlee Bijlee - Dance Cover | Harrdy Sandhu | Deepak Tulsyan Choreography,10108818,127250,2965,181
Deepak Tulsyan,Dancing in Rishikesh üî•üî• Deepak Tulsyan #gmdancecentre #josh,156909,5569,60,18
Deepak Tulsyan,I‚Äôm so obsessed ‚ú® Deepak Tulsyan | G M Dance Centre #josh,174202,6861,63,15
Deepak Tulsyan,Woh Karna Chahati Grind hai üî• #josh,388429,14310,82,20
Deepak Tulsyan,#jugnuchallenge üî•ü§ò Deepak Tulsyan | G M Dance Centre #josh,295104,9939,47,21
Deepak Tulsyan,Let me Take you Dancing üî•Deepak Tulsyan | G M Dance Centre #josh,870522,30577,142,23
Deepak Tulsyan,Bad Boy Bad Girl | Deepak tulsyan choreography | G M Dance Centre #josh,756460,27280,224,22
Deepak Tulsyan,Paani Paani Dance Tutorial | Deepak Tulsyan Choreography | G M Dance Centre,129191,3999,338,337
Deepak Tulsyan,Ye bache bhi üòÇüòÇüòÇ #josh,2245325,62464,516,10
Deepak Tulsyan,Mehendi -Dance Cover | Happy Navratri | Deepak Tulsyan Choreography | @G M Dance Centre  | #josh,820636,19432,1377,121
Deepak Tulsyan,Basic Dance Tutorial for everyone üï∫ #Josh #shorts,1494606,69395,162,29
Deepak Tulsyan,Soni Kitni Soni Aaj tu lagti hai Mouni Roy üòçüî• #Josh,449985,18097,83,18
Deepak Tulsyan,Raataan Lambiyan ‚ù§ Dancing with Muskan Kalra #josh #gmdancecentre,1607668,63843,305,30
Deepak Tulsyan,This is Fun üòÇ‚ù§ #shorts #trend #josh,954235,30991,119,9
Deepak Tulsyan,Raataan Lambiyan Dance | Deepak Tulsyan | G M Dance | Akshita Goel #shorts #josh,2409953,96834,666,26
Deepak Tulsyan,Hum Tum Practice Video | Deepak Tulsyan Choreography #josh,257932,6936,366,65
Deepak Tulsyan,Sakhiyaan 2.0 | #dance #shorts #nachleve #Josh,420662,15652,153,20
Deepak Tulsyan,Bachpan Ka Pyaar ft. Mouni Roy üòÑ‚ù§Ô∏è #josh #shorts,550576,20195,211,29
Deepak Tulsyan,"Because It's Trending üî•üî•Deepak Tulsyan, Prince Gupta #Josh #shorts",203465,7100,85,25
Deepak Tulsyan,Dancing on Dinero üí∏ üî•  #trend #josh,482810,15706,159,15
Deepak Tulsyan,Totally love this Trend üî•üî• #Alors #Josh,462728,14302,157,10
Deepak Tulsyan,Kya Soorat hai ft. Prakhar Saini | Deepak Tulsyan Choreography,155526,5627,475,64
Deepak Tulsyan,Kudi toh Chocolate hai | Tony Kakkar #shorts #josh,1009376,31858,276,16
Deepak Tulsyan,Perfect Body with a Perfect Smile üî• #Josh #Shorts,763689,29780,225,17
Deepak Tulsyan,Har Funn Maula ft. Akshita & Manvi | Deepak Tulsyan Dance Choreography #shorts #Josh üî•üî•,555789,19967,318,25
Deepak Tulsyan,GTA Trend #funny #shorts #Josh üòÇ,339717,10539,158,9
Deepak Tulsyan,Paani Paani - Dance Cover | Deepak Tulsyan Choreography | Badshah | G M Dance Centre,8225282,81077,4118,238
Deepak Tulsyan,My most Viral Instagram Tutorial üî•‚ù§Ô∏è  #shorts #Josh,644067,28182,155,22
Deepak Tulsyan,Kya soorat hai üî• #dance #shorts #Josh,341140,12410,193,18
Deepak Tulsyan,Echo | Deepak Tulsyan Choreography | Armaan Malik | DJ KSHMR | Eric Nam,172691,5215,480,73
Deepak Tulsyan,Dynamite -Dance Tutorial | BTS | Deepak Tulsyan Choreography,222711,6376,423,290
Deepak Tulsyan,Brown Munde - Deepak Tulsyan Choreography | ft. Akshita Goel,473384,15683,906,99
Deepak Tulsyan,Happy International Dance Day  üíÉüï∫ Dancing with Neha Kakkar | Deepak Tulsyan #shorts,1945492,51891,382,16
Deepak Tulsyan,Saiyaan Ji Dance Tutorial | Deepak Tulsyan Choreography | Yo Yo Honey singh,441124,9740,713,423
Deepak Tulsyan,"Drunk N High - Dance Cover | Deepak Tulsyan Choreography | Mellow D, Aastha Gill | Akull",4822918,45025,2440,90
Deepak Tulsyan,Dynamite -Dance Cover | BTS | Deepak Tulsyan Choreography,1497423,39843,4728,228
Deepak Tulsyan,Manja - Kai Po Che | Karan & Deepak Choreography | Contemporary | Sushant Singh Rajput,231315,8838,616,116
Deepak Tulsyan,FARAAR - Dance Cover | Akull | Deepak Tulsyan Choreography | G M Dance,5426140,62252,3430,144
Deepak Tulsyan,Humari bhi Pawri ho rahi hai üòÇ #shorts | Deepak Tulsyan,10032738,235657,2099,16
Deepak Tulsyan,Saiyaan Ji | Deepak Tulsyan Choreography | Yo Yo Honey Singh | Neha Kakkar | G M Dance,2515317,60005,2423,160
Deepak Tulsyan,Husnn hai Suhaana | Deepak Tulsyan Choreography | Beginner | Coolie No. 1 New,3071816,51425,1738,136
Deepak Tulsyan,Kamar Teri Left Right Hale | Deepak Tulsyan Choreography | w/ Akshita & Aanya #shorts,4317259,98503,708,16
Deepak Tulsyan,2 Million Special Q&A | Who is my favorite Student ?? (Honest Answer) Deepak Tulsyan,506280,17237,2102,551
Deepak Tulsyan,Mirchi - Divine | Dancing with Akshita Goel | Deepak Tulsyan Dance Choreography #shorts,1486009,43005,445,20
Deepak Tulsyan,Top 5 Dance Choreography of 2020 | Deepak Tulsyan | Happy New  Year,19075886,232534,3020,288
Deepak Tulsyan,Running Man Dance Tutorial | Deepak Tulsyan üíÉüï∫,430135,13086,266,20
Deepak Tulsyan,Kick Ball Change Tutorial üòç üï∫ @Deepak Tulsyan @G M Dance Centre #shorts,3600706,113467,574,27
Deepak Tulsyan,Teri Bhabhi - Dance Cover | Deepak Tulsyan Choreography | Varun Dhawan Sara Ali Khan,1623142,30884,1975,80
Deepak Tulsyan,Deepak Tulsyan - Naach Meri Rani | Dance Choreography | Guru Randhawa | Nora Fatehi,2943836,41408,1784,120
Deepak Tulsyan,New Dance Shorts on Care ni Karda | Deepak Tulsyan | Akshita Goel | Sapna,899093,22543,521,16
Deepak Tulsyan,"Baby, I'm Jealous | Deepak Tulsyan Choreography | Bebe Rexha",677401,16557,1525,88
Deepak Tulsyan,Nachi Nachi Dance Tutorial | Deepak Tulsyan Choreography | GM Dance,328040,9579,825,514
Deepak Tulsyan,Youtube gave us Golden Button | Deepak Tulsyan,252109,10805,1179,231
Deepak Tulsyan,Bahana - Dance Cover | Akull | Deepak Tulsyan Choreography ft. Shayna Malhotra | G M DANCE,374341,11938,789,87
Deepak Tulsyan,Learn 3 Super Cool Shuffle Moves - In Just 4 Minutes | Deepak Tulsyan,607642,21789,804,247
Deepak Tulsyan,Ek Tarfa | Darshan Raval | Contemporary Dance Choreography | Deepak Tulsyan,318105,12639,1060,109
Deepak Tulsyan,MY FIRST FLIGHT ‚úàÔ∏è AFTER THE LOCKDOWN | VLOG | DEEPAK TULSYAN #AIRASIA,95224,2570,265,529
Deepak Tulsyan,Basic Dance Steps for everyone | Deepak Tulsyan | 3 Moves,222296,6860,269,236
Deepak Tulsyan,iLLEGAL WEAPON 2.0 - Bollywood Dance Tutorial | Deepak Tulsyan Choreography | SD3 #withme,3130990,35781,972,830
Deepak Tulsyan,Asli Holibaaz | Holi Dance | Deepak Tulsyan Choreography | Bhuvan & Ashish | VMate | Sapna Choudhary,607265,10528,490,214
Deepak Tulsyan,Goa Beach ft. Tony Kakkar | Dance Cover | Deepak Tulsyan Choreography,2263494,46502,1161,131
Deepak Tulsyan,Kalle Kalle - Dance Cover ft. Shalmali | Deepak Tulsyan Choreography | BGBNG,1163135,22975,541,108
Deepak Tulsyan,Garmi Dance Tutorial | Deepak Tulsyan Choreography | Street Dancer 3 | Badshah,722139,13920,494,356
Deepak Tulsyan,Muqabla Dance Tutorial | Deepak Tulsyan Choreography | Street Dancer 3,574483,9245,224,447
Deepak Tulsyan,illegal Weapon 2 - Dance Cover | Street Dancer 3D | Deepak Tulsyan Choreography,39137202,422867,7852,132
Deepak Tulsyan,Garmi - Dance Cover | Street Dancer 3D | Deepak Tulsyan Dance Choreography,40999742,425215,6529,139
Deepak Tulsyan,Muqabla - Dance Cover | Street Dancer 3D | Deepak Tulsyan Dance Choreography,10765631,121261,2869,127
Deepak Tulsyan,"Ghungroo - Dance Tutorial | Deepak Tulsyan Choreography | War | Hrithik Roshan, Arijit Singh",827179,11524,346,685
Deepak Tulsyan,"Yaad Piya Ki Aane Lagi | Class Video | Divya Khosla Kumar |Neha K, Deepak Tulsyan Dance Choreography",8240718,116028,2388,184
Deepak Tulsyan,Ankhiyon Se Goli Mare | Dance Cover | Bollywood Dance | Deepak Tulsyan Choreography,602406,10209,279,76
Deepak Tulsyan,O Saajna - Dance Short Film | Akhil Sachdeva | ALTBalaji | Deepak Tulsyan Choreography,957445,15600,751,311
Deepak Tulsyan,Tenu Lehanga Dance Cover | Jass Manak | Delhi Workshop | Deepak Tulsyan Choreography,6612488,75919,1131,73
Deepak Tulsyan,Jai Jai Shivshankar Hrithik Roshan Sir Entry Footwork Tutorial | Deepak Tulsyan Dance Tutorial,1017186,15504,339,104
Deepak Tulsyan,Lehanga Dance Tutorial | Easy Dance Steps | Deepak Tulsyan Choreography | Jass Manak | G M Dance,359068,5289,183,446
Deepak Tulsyan,Dil Mera Blast | Deepak Tulsyan Choreography | Bollywood Dance | Darshan Raval,1400033,20494,905,186
Deepak Tulsyan,"Ghungroo - Dance Cover | Deepak Tulsyan Choreography | War | Hrithik Roshan, Arijit Singh",10969043,156769,3850,222
Deepak Tulsyan,LEHANGA | Deepak Tulsyan Dance Choreography | G M Dance Centre | Jass Manak,1556309,29432,740,81
Deepak Tulsyan,O Saki Saki | Dance Cover | Nora Fatehi | Deepak Tulsyan Choreography,7957691,106881,2049,93
Deepak Tulsyan,"Se√±orita Dance Tutorial | Deepak Tulsyan Choreography | Shawn Mendes, Camila Cabello",207490,3474,86,282
Deepak Tulsyan,O Saki Saki Dance Tutorial | Deepak Tulsyan Choreography | Nora Fatehi,966631,18350,479,758
Deepak Tulsyan,"Se√±orita - Dance Cover | Shawn Mendes, Camila Cabello | Deepak Tulsyan Choreography",411874,9365,492,78
Deepak Tulsyan,How to Dance | Basic Dance Steps for beginners | 3 Simple Moves | Deepak Tulsyan | Part 9,249942,8486,285,408
Deepak Tulsyan,Dheeme Dheeme | Dance Cover | Tony Kakkar | One take | Deepak Tulsyan Choreography,6807111,96125,2218,102
Deepak Tulsyan,Sheher Ki Ladki | Dance | Deepak Tulsyan Choreography | ft. Kanishka Talent Hub | Badshah,2018253,27186,391,75
Deepak Tulsyan,SARA INDIA- DANCE | Beginner | Deepak Tulsyan Choreography | G M Dance,3509521,56515,1627,77
Deepak Tulsyan,The Jawani Song | Dance Tutorial | Bollywood Dance | Deepak Tulsyan Choreography,107038,1949,66,454
Deepak Tulsyan,Hook Up Song - Dance Cover | Tiger Shroff & Alia | Neha Kakkar | Deepak Tulsyan Choreography,1865711,23917,606,81
Deepak Tulsyan,Dil Dooba | Mumbai Workshop | Deepak Tulsyan Choreography,204006,3949,188,73
Deepak Tulsyan,The Jawaani Song ‚Äì Bollywood Dance Choreography | Deepak Tulsyan | Tiger Shroff | SOTY2,2631373,34722,943,168
Deepak Tulsyan,Naina Da Kya Kasoor | Bollywood Dance Tutorial | Deepak Tulsyan Choreography | Amit Trivedi,203678,4582,144,644
Deepak Tulsyan,HAULI HAULI - Dance Cover | Deepak Tulsyan ft. Aditi (Dancercise) | Neha Kakkar,360631,6618,183,86
Deepak Tulsyan,Slowly Slowly - Dance Cover | Deepak Tulsyan ft. Shashank | Guru Randhawa | Pitbull,201580,3377,156,61
Deepak Tulsyan,2 Simple Moves for Beginners | Deepak Tulsyan Dance Tutorial | Ft. Flying Beast,99263,3098,100,292
Deepak Tulsyan,FIRST CLASS - Bollywood Dance | Deepak Tulsyan Choreography | Varun Dhawan | Kalank,2698786,39967,884,97
Deepak Tulsyan,Yaar Superstar - Deepak Tulsyan Choreography | Dance Cover | Harrdy Sandhu,934142,15273,519,54
Deepak Tulsyan,COCA COLA TU - Deepak Tulsyan Choreography | Dance Cover | Luka Chuppi | Tony Kakkar,21859902,224473,2784,63
Deepak Tulsyan,"How to do BlocBoy JB ""SHOOT"" Dance (FORTNITE HYPE DANCE) | Deepak Tulsyan Dance Tutorial",619362,9801,185,161
Deepak Tulsyan,Naina Da Kya Kasoor | One Take | Deepak Tulsyan Choreography ft. Sapna Zuva | Amit Trivedi,1721546,36074,745,80
Deepak Tulsyan,Aaankh Marey Dance Tutorial With Music | Bollywood Dance Tutorial | Deepak Tulsyan,749072,8134,209,484
Deepak Tulsyan,Lamberghini Dance Tutorial | Deepak Tulsyan Choreography,619067,7964,224,619
Deepak Tulsyan,She Move It Like | Badshah | Deepak Tulsyan Choreography,677360,15149,522,90
Deepak Tulsyan,Deepak Tulsyan Rewind 2018 | Happy New Year | #Deepaktulsyan,29968,928,80,151
Deepak Tulsyan,Lamberghini | The Doorbeen | Deepak Tulsyan Choreography | ft. Sanchi Paul,2610022,55184,972,144
Deepak Tulsyan,"AANKH MAREY | SIMMBA | Ranveer Singh, Sara Ali khan | Deepak Tulsyan Choreography | Bollywood Dance",71685878,586324,7613,74
Deepak Tulsyan,"FORTNITE Dance in Real Life | How to Do ""ORANGE JUSTICE"" Dance | Deepak Tulsyan Dance Tutorial",306808,4853,164,212
Deepak Tulsyan,Thank you so much for 2 Silver Pay button | Love you all | Deepak Tulsyan,43967,1348,90,95
Deepak Tulsyan,Morni Banke | Wedding dance | Guru Randhawa | Badhaai ho | Deepak Tulsyan & Pogo Choreography,212700,3566,156,109
Deepak Tulsyan,"DJ Snake - Taki Taki ft. Selena Gomez, Ozuna, Cardi B | Deepak Tulsyan Choreography",300962,4138,113,56
Deepak Tulsyan,Proper Patola Dance Tutorial | Deepak Tulsyan Choreography | Badshah | Bollywood | Hip Hop,161715,2319,101,620
Deepak Tulsyan,Proper Patola | Dance Cover | Badshah | Diljit Dosanjh | Deepak Tulsyan Choreography,1408899,22041,485,100
Deepak Tulsyan,Kya Baat Ay Dance Tutorial | Bollywood Dance Tutorial | Deepak Tulsyan | Hindi,402540,6195,194,558
Deepak Tulsyan,Kya baat ay | harrdy Sandhu | Beginner Dance Choreography | Deepak Tulsyan,3662238,53238,981,77
Deepak Tulsyan,Akh Lad Jaave Dance | Deepak Tulsyan | Dance Choreography | Loveyatri | Badshah,251174,4723,200,84
Deepak Tulsyan,"3 Basic Dance Steps for ""GIRLS"" Kids | Deepak Tulsyan Dance Tutorial | Part 8",4541427,75708,687,251
Deepak Tulsyan,Gwandian Dance | Dr. Zeus | Zora Randhawa | Deepak Tulsyan Choreography | Kids | Bhangra,956860,13081,,76
Deepak Tulsyan,How to Do The Backpack Kid Dance (THE FLOSS) | Deepak Tulsyan Dance Tutorial,13284706,114688,3050,166
Deepak Tulsyan,Online Dance Class | Basic Steps Routine | 4*8 Combo | Deepak Tulsyan | Hindi,3835421,74220,1655,389
Deepak Tulsyan,Ishare Tere - Solo | Guru Randhawa | Deepak Tulsyan Choreography | Mumbai,61592,1276,97,92
Deepak Tulsyan,"Basic Dance Steps for ""KIDS"" | Deepak Tulsyan Dance Tutorial | Beginner Dance Steps | Part 7",2354019,29005,,493
Deepak Tulsyan,Dilbar Dance | Delhi Workshop | Nora Fatehi | John Abraham | Deepak Tulsyan Choreography,1946422,10887,562,148
Deepak Tulsyan,"Basic Dance Steps for ""KIDS"" | Deepak Tulsyan Dance Tutorial | Beginner Dance Steps | Part 6",190571,3090,131,414
Deepak Tulsyan,Dilbar Dance Tutorial | Deepak Tulsyan | Bollywood Dance Tutorial | Hindi,477839,5481,179,552
Deepak Tulsyan,Zingaat Dance Tutorial | Deepak Tulsyan Choreography | Bollywood Dance Tutorial | Hindi,62255,1241,75,810
Deepak Tulsyan,Basic Dance Steps for Everyone | 3 Simple Moves | Practice Everyday | Deepak Tulsyan | Part 8,10599372,226047,2483,501
Deepak Tulsyan,Zingaat Dance Choreography | Adv. Kids | Class Video | Dhadak | Bollywood Dance | Deepak Tulsyan,740538,9407,,97
Deepak Tulsyan,"Learn How to dance on ""MADE IN INDIA"" | Deepak Tulsyan | Bollywood Dance Tutorial | Hindi",92040,1274,,943
Deepak Tulsyan,Guru Randhawa: MADE IN INDIA | Elnaaz Norouzi | Deepak Tulsyan Dance Choreography,660166,7456,,86
Deepak Tulsyan,"Learn How to dance on ""TAREEFAN"" | Step By Step | Deepak Tulsyan | Bollywood Dance Tutorial | Hindi",122829,2046,,991
Deepak Tulsyan,Tareefan | Deepak & Yashna Dance Choreography | Beginner | Veere di Wedding | Badshah,211507,4654,,102
Deepak Tulsyan,"iLLEGAL WEAPON | Deepak Tulsyan | Travel Dance Choreography | Kheerganga Trek, Kasol",52208,1607,,70
Deepak Tulsyan,Basic Knowledge of Dance - Hand & Leg Moves Name | Part 1 | Deepak Tulsyan | Hindi,1822684,39520,,297
Deepak Tulsyan,"Parvati Valley, Kullu | Bom diggy Dance Video | Deepak Tulsyan Dance Choreography",36118,946,,100
Deepak Tulsyan,Daru Badnaam Dance Tutorial | Easy Dance Steps | Bollywood Bhangra Dance | Deepak Tulsyan | Hindi,179496,2242,,407
Deepak Tulsyan,Bom Diggy Dance Tutorial | Adv. Dance | Deepak Tulsyan Choreography | Hindi,56580,892,,568
Deepak Tulsyan,Online Dance Tutorial for KIDS | Deepak Tulsyan Dance Tutorial | Beginner Dance Steps | Part 5,187170,3066,,412
Deepak Tulsyan,Daru Badnaam | Beginner Dance Choreography | Deepak Tulsyan | Kamal Kahlon & Param Singh,253161,4439,,64
Deepak Tulsyan,How to Dance | Basic Dance Steps for beginners | 3 Simple Moves | Deepak Tulsyan | Part 7,991835,24586,,470
Deepak Tulsyan,Khalibali - Kids Dance Choreography | Padmavat | Bollywood Dance | Deepak tulsyan,407758,3072,,231
Deepak Tulsyan,Oh ho Jane Jaana | Toddlers Batch | Deepak Tulsyan | Salman Khan | Dance Choreography,750966,6099,,140
Deepak Tulsyan,Contemporary Dance tutorial for Beginners | Dance Routine | Deepak Tulsyan | Hindi,472531,11850,,448
Deepak Tulsyan,Song- Swag Se Swagat | Outstanding Performance By Kids | Tiger Zinda hai,14360750,106100,,143
Deepak Tulsyan,Mundiyan - Dance Video | Bollywood Dance Choreography | Baaghi 2 | Tiger Shroff | Deepak Tulsyan,84204,1428,,185
Deepak Tulsyan,"Learn How to Dance On ""EK DO TEEN"" | Baaghi 2 | Step By Step | Bollywood Dance Tutorial [ Hindi ]",285143,4217,,714
Deepak Tulsyan,Ek Do Teen - Dance Video | Bollywood Dance Choreography | Baaghi 2 | Shreya Ghoshal | Deepak Tulsyan,4520059,60191,,101
Deepak Tulsyan,Dancercise - How to do Warm up before Dance | 10 minutes Workout | Beginner Level,2905892,52052,1138,615
Deepak Tulsyan,"Basic Dance Steps for ""KIDS"" | Deepak Tulsyan Dance Tutorial | Beginner Dance Steps | Part 4",2519532,30938,,646
Deepak Tulsyan,"My first Youtube Fanfest in Delhi with BB ki Vines, Technical Guruji, CarryMinati and others",6831,231,,735
Deepak Tulsyan,"Learn How to Dance on ""iLLEGAL WEAPON"" | Step by Step | Bollywood Dance Tutorial | Hindi",752309,12721,,718
Deepak Tulsyan,iLLEGAL WEAPON Dance Video | Deepak Tulsyan Dance Choreography | Jasmine Sandlas ft. Garry Sandhu,5673872,82883,1824,81
Deepak Tulsyan,How to Dance | Basic Dance Steps for beginners | 3 Simple Moves | Deepak Tulsyan | Part 6,2087016,41359,2113,391
Deepak Tulsyan,iLLEGAL WEAPON DANCE| Short Video | Bollywood Dance Choreography | Jasmine Sandlas,132190,2206,117,46
Deepak Tulsyan,"Learn How to dance on ""CHHOTE CHHOTE PEG"" | Step By Step | Deepak Tulsyan | Bollywood Dance Tutorial",26962,437,,1596
Deepak Tulsyan,"Dil Diyan Gallan | Deepak Tulsyan | Travel Dance Choreography | Triund Trek, Mcleodganj,",51729,1436,154,217
Deepak Tulsyan,Deepak Tulsyan - Chhote Chhote Peg - Yo Yo Honey Singh | Kids Dance | Advance Choreography,1269160,12960,667,146
Deepak Tulsyan,How to Do Arm Wave & Body Wave | Step By Step | Deepak Tulsyan Dance Tutorial | Hindi,2532265,55678,712,501
Deepak Tulsyan,"Basic Dance Steps for ""GIRLS"" kids | Deepak Tulsyan Dance Tutorial | Beginner Dance Steps | Part 3",2541696,33528,0,522
Deepak Tulsyan,"Learn How to Dance on ""Pallo Latke"" | Step By Step | Bollywood Tutorial | Deepak Tulsyan | Hindi",686411,7294,200,1136
Deepak Tulsyan,Pallo Latke | Shaadi Mein Zaroor Aana | Bollywood Beginner Dance Choreography | Easy Dance Steps,8249586,75673,0,195
Deepak Tulsyan,"Learn how to Dance on ""Dil Chori Sada"" | Step By Step | Dance Tutorial | Bollywood Dance | Hindi",427291,5119,,940
Deepak Tulsyan,DIL CHORI | Beginner Dance Choreography | Yo Yo Honey Singh | Bollywood Dance | Easy Dance Steps,2967587,26552,,97
Deepak Tulsyan,Rewind 2017 | Deepak Tulsyan | Bollywood Dance,25156,540,,539
Deepak Tulsyan,"Basic Dance Steps for ""KIDS"" | Deepak Tulsyan Dance Tutorial | Beginner Dance Steps | Part 2",1139706,11089,,479
Deepak Tulsyan,Top 5 Kids Dance Video of 2017 by Deepak tulsyan | Bollywood Dance,254191,3399,,446
Deepak Tulsyan,"Learn how to dance on "" NAAH "" | Step by Step | Bollywood Dance Tutorial | Deepak Tulsyan | Hindi",365720,4274,,734
Deepak Tulsyan,Naah Goriye | Harrdy Sandhu | Dance Cover | Bollywood Dance Choreography | Deepak Tulsyan,5416427,66634,,88
Deepak Tulsyan,How to Dance | Basic Dance Steps for beginners | 3 Simple Moves | Part 4,260451,5374,,429
Deepak Tulsyan,Maine Tujhko Dekha | Golmaal Again | Toddlers/Kids Dance Video | Bollywood Dance | Deepak Tulsyan,143919,1132,,112
Deepak Tulsyan,"Basic Dance Steps for ""KIDS"" | Deepak Tulsyan Dance Tutorial | Beginner Dance Steps | Part 1",4208284,36193,,385
Deepak Tulsyan,"Learn how to dance on ""OONCHI HAI BUILDING"" | Bollywood Dance | Dance Tutorial | Deepak Tulsyan",157532,1444,,690
Deepak Tulsyan,Learn how to dance on Swag Se Swagat Song | Step by Step | Bollywood Dance Tutorial,195280,2075,,679
Deepak Tulsyan,Swag Se Swagat Song | Bollywood Dance Choreography | Tiger Zinda hai | Salman khan | Deepak Tulsyan,1485280,17663,,81
Deepak Tulsyan,HAWA HAWAI 2.0 | TUMHARI SULU | BOLLYWOOD DANCE | CHOREOGRAPHY | KIDS | DEEPAK TULSYAN,102955,659,,69
Deepak Tulsyan,Online Dance Class | Basic Steps Routine | 4*8 Combo | Deepak Tulsyan | Hindi,463481,6859,200,399
Deepak Tulsyan,Basic Hip Hop Dance moves for beginners | 3 Dance moves | Deepak Tulsyan Dance Tutorial,347429,7298,,634
Deepak Tulsyan,Sweety Tera Drama I EASY WEDDING DANCE STEPS I Bollywood Dance| Bareilly Ki Barfi I Deepak Tulsyan,2646775,16259,,205
Deepak Tulsyan,"SPLITS Tutorial | Stretching, Flexibility Workout | Deepak Tulsyan | 8 Minutes",582369,14371,,513
Deepak Tulsyan,Oonchi Hai Building 2.0 Kids Dance | Bollywood Dance Choreography | Judwaa 2 | Deepak Tulsyan,3682828,18922,,125
Deepak Tulsyan,Learn how to dance on chalti hai kya 9 se 12 | Deepak Tulsyan Bollywood Dance tutorial,78702,1194,,834
Deepak Tulsyan,"DESPACITO Dance | Deepak Tulsyan Choreography | Luis fonsi, daddy yankee",51982,600,,98
Deepak Tulsyan,Learn How to Dance in Club & Party | Basic Dance Steps | Deepak Tulsyan Dance Tutorial,743424,11632,,387
Deepak Tulsyan,Chalti Hai kya 9 se 12 Kids Dance choreography | Bollywood Dance | Deepak Tulsyan | Judwaa 2,4230409,28314,,96
Deepak Tulsyan,Hawa Hawa Kids Dance Choreography | Mubarakan | Deepak Tulsyan | Bollywood Dance,8626444,34547,,141
Deepak Tulsyan,Learn how to dance on Bani Teri Radha | Deepak Tulsyan Bollywood Dance Tutorial,40779,405,,924
Deepak Tulsyan,How to Dance | Basic Dance Steps for beginners | 3 Simple Moves | Deepak Tulsyan | Hindi | Part 3,156158,3139,,413
Deepak Tulsyan,Bani Teri Radha Dance - Jab Harry Met Sejal | Deepak Tulsyan Choreography | Bollywood Beginner,1291928,7890,,124
Deepak Tulsyan,Couple Wedding Dance Performance | Romantic Songs | Indian Sangeet Dance | Dekha Hazaro Daffa,113464,1103,,141
Deepak Tulsyan,Tu Cheez Badi hai Mast Mast | Machine | Deepak Tulsyan Choreography,1157248,13442,,94
Deepak Tulsyan,Main Tera Boyfriend Dance | Raabta | Deepak Tulsyan Choreography,198151,3115,,96
Deepak Tulsyan,Main Tera Boyfriend - Raabta | Kids Dance Class | Deepak tulsyan Choreography,2594539,9292,,169
Deepak Tulsyan,Badri Ki Dulhania | Toddlers - Kids Dance | Deepak Tulsyan Choreography | Bollywood Dance,6160763,16826,,258
Deepak Tulsyan,How to Dance | Basic Dance Steps for beginners | 3 Simple Moves | Part 2,189543,3512,79,300
Deepak Tulsyan,Gulabi aankhen jo teri dekhi 2.0 | Noor | Kids Dance Choreography | Deepak Tulsyan,227326,1293,,146
Deepak Tulsyan,How to Dance | Basic Dance Steps for beginners | 3 Simple Moves | Part 1,1292331,16365,255,261
Deepak Tulsyan,Mercy | Badshah | Class Video | Deepak Tulsyan Dance Choreography,100419,1186,,49
Deepak Tulsyan,Tamma Tamma Again | Badrinath ki Dulhania | Kids Dance | Bollywood Dance Choreography,1381322,5133,,113
Deepak Tulsyan,How to Dance | Tutorial no. 18 | Badri Ki Dulhania | Bollywood Dance tutorial,20919,288,,877
Deepak Tulsyan,Badri Ki Dulhania | Bollywood Dance Choregraphy | Deepak Tulsyan ft. Aman Chauhan,2247741,18166,,127
Deepak Tulsyan,How to Dance | Tutorial no. 17 | Nashe Si Chadh Gayi | Bollywood Dance tutorial,97530,1585,,836
Deepak Tulsyan,Nachna Aaonda Nahin | Tum Bin 2 | Bollywood Punjabi Dance Choreography | Beginner | Deepak Tulsyan,131860,2095,,98
Deepak Tulsyan,Nashe Si Chadh Gayi | Befikre | Deepak Tulsyan Dance Choreography,2845081,27701,,121
Deepak Tulsyan,How to Dance | Tutorial no. 15 | The Humma Song | Jazz,249062,2305,,562
Deepak Tulsyan,"Dhakkad | ""DANGAL"" | Aamir khan | Raftaar | Deepak tulsyan Dance Choreogrpahy | Kids Dance",28810,139,,203
Deepak Tulsyan,Humma Humma Dance Performance | Full Video | Deepak Tulsyan Choreography | Bollywood Jazz,1017536,8958,,174
Deepak Tulsyan,The Humma Song Dance | Teaser | OK Jaanu | Aditya roy kapur | Deepak Tulsyan Choreography,1010477,2298,,49
Deepak Tulsyan,Dhaakad - Dangal | Aamir Khan | kids dance Choreography | DEEPAK TULSYAN,209472,1098,,109
Deepak Tulsyan,Breakup Song Dance Choreography | Kids Dance | ADHM | Deepak tulsyan | Bollywood Dance,2404901,8400,,136
Deepak Tulsyan,How to Dance | Tutorial no. 13 | GAL BAN GAYI | BOLLYWOOD PUNJABI,95007,746,,1268
Deepak Tulsyan,GAL BAN GAYI | Freestyle Dance Choreography | YOYO Honey Singh | Urvashi Rautela | Deepak Tulsyan,68092,641,,183
Deepak Tulsyan,Cutest Performance by 4 years girl | Luv Letter Dance Choreography | G M Dance | Cute Baby Dance,621213,3564,,140
Deepak Tulsyan,MOHENJO DARO TITLE SONG DANCE CHOREOGRAPHY | Hrithik Roshan & Pooja Hegde,37005,350,,125
Deepak Tulsyan,Tere Sang Yara | Contemporary Dance choreography | Deepak tulsyan,103879,1296,,78
Deepak Tulsyan,KALA CHASHMA | KIDS DANCE CHOREOGRAPHY | Bollywood Dance | Deepak Tulsyan,1138060,4221,,73
Deepak Tulsyan,Poplin - Sardaar ji 2 | Kids dance | Bhangra | G M Dance Centre,44129,473,,88
Deepak Tulsyan,How to Dance | Tutorial no. 11 | KALA CHASHMA | BOLLYWOOD,218265,1705,,536
Deepak Tulsyan,"Cham Cham | BAAGHI | Tiger Shroff, Shraddha Kapoor | Bollywood Dance Choreography | Deepak tulsyan",189363,1206,,78
Deepak Tulsyan,Jabra Song | FAN | Shah Rukh Khan | Kids Freestyle Dance Choreography | G M Dance Centre,419884,1171,,131
Deepak Tulsyan,How to Dance | Tutorial no. 10 | Kar Gayi Chull | Bollywood Dance Tutorial,166137,872,,782
Deepak Tulsyan,Kar Gayi Chull | Official Dance Choreography | Sidharth | Alia | Badshah | DeepakTulsyan,46833,550,,90
Deepak Tulsyan,DJ Wale Babu | BadShah | Hip Hop Dance Choreography | Deepak tulsyan | GM Dance,35627,387,,62
Deepak Tulsyan,Na Na Trey Songz | Matt Steffenina Choreography | Cover,3847,76,,68
Deepak Tulsyan,How to get Splits in one day | 2 Minutes | 8 STEPS,43674,844,,120
Deepak Tulsyan,How to Dance | Tutorial no. 9 | PREM RATAN DHAN PAAYO | Bollywood Dance Tutorial,27831,227,,736
Deepak Tulsyan,Prem Ratan Dhan Paayo | Bollywood Dance Choreography | Salman Khan | Sonam Kapoor | GMDC,35543,248,,62
Deepak Tulsyan,Tukur Tukur - Dilwale | Shah Rukh Khan | Kajol | Bollywood Dance Choreography | G M Dance Centre,1881577,5669,,159
Deepak Tulsyan,Manma Emotion Jaage - Dilwale | Freestyle Dance Choreography | Varun Dhawan | Sharukh Khan | Kajol,153968,1632,,70
Deepak Tulsyan,How to Dance | Tutorial no. 8 | PINGA OFFICAL CHOREOGRAPHY | Bollywood Dance Tutorial,230773,1965,,684
Deepak Tulsyan,Aaj Ki Party | Freestyle Dance Choreography | Kids Batch | Bajrangi Bhaijaan | Bollywood Dance,556024,1889,,126
Deepak Tulsyan,CHEERLEADER | OMI | FREESTYLE DANCE CHOREOGRAPHY | CLASS VIDEO | DEEPAK TULSYAN | GMDC,23327,254,,71
Deepak Tulsyan,"How to Dance | Tutorial no. 7 | "" 3 "" THREE BASIC DANCE MOVES FOR YOUR FOOTWORK",83627,593,,295
Deepak Tulsyan,Dheere Dheere Se Meri Zindagi | Urban Dance Choreography | Yo Yo Honey Singh | Deepak tulsyan,89441,727,,65
Deepak Tulsyan,Nachan Farrate Dance | All Is Well | Bollywood Dance Choreography | Deepak tulsyan | GMDC (HD),235735,773,,108
Deepak Tulsyan,How to Dance | Tutorial no. 6 | NACHAN FARRATE SIGNATURE DANCE STEP | BOLLYWOOD,138944,829,,213
Deepak Tulsyan,How to Dance | Tutorial no. 5 | Sun Saathiya part 2nd | BOLLYWOOD CONTEMPORARY,24072,280,,342
Deepak Tulsyan,SUN SAATHIYA MAAHIYA | ABCD 2 | Contemporary Dance Choreography | Deepak tulsyan | GMDC,134957,2072,,84
Deepak Tulsyan,How to Dance | Tutorial no. 4 | Basic Dance Steps Routine or Combo,72702,534,,168
Deepak Tulsyan,How to Dance | Tutorial no. 3 | Sun Saathiya | BOLLYWOOD CONTEMPORARY,112964,1131,,249
Deepak Tulsyan,How to dance | Tutorial no. 2 | Basic footwork,83638,1303,,77
Deepak Tulsyan,Sooraj Duba Hai | Roy | Freestyle Dance Choreography | GMDC,10004,160,,38
Deepak Tulsyan,Must Watch | Abhi toh party Suru hui hai | Freestyle Dance Choreography | GMDC | Deepak Tulsayn,10830,298,,80
Deepak Tulsyan,"Pappi song ""Heropanti"" | Bollywood Dance Choreography | Deepak Tulsyan",64690,1041,,78